word,grade_level,difficulty,definition,sentence,part_of_speech,origin
abolish,5,hard,to officially put an end to something,The students voted to abolish the old rule.,verb,Latin
absence,4,hard,the state of being away from a place,Her absence from class was noticed by everyone.,noun,Latin
absurd,4,hard,wildly unreasonable or silly,The idea that cats could drive cars is absurd.,adjective,Latin
abundant,5,hard,more than enough of something,The garden had an abundant supply of tomatoes.,adjective,Latin
accomplish,5,hard,to succeed in doing something,She worked hard to accomplish her goal.,verb,Latin
accurate,4,hard,correct in every detail,Her drawing was an accurate copy of the original.,adjective,Latin
acknowledge,5,hard,to admit or recognize something as true,He had to acknowledge that she was right.,verb,English
adequate,5,hard,enough for what is needed,She had adequate time to finish the test.,adjective,Latin
admirable,4,hard,worthy of respect or admiration,Her courage was admirable.,adjective,Latin
adolescent,5,hard,a young person going through the teen years,The novel told the story of an adolescent discovering her passion.,noun,Latin
aggressive,4,hard,ready to attack or forcefully assertive,The aggressive dog barked at every stranger.,adjective,Latin
alliance,5,hard,a union formed between groups for a common goal,The two schools formed an alliance to share resources.,noun,French
ambition,4,hard,a strong desire to achieve something,Her ambition to become a doctor drove her studies.,noun,Latin
ancient,4,hard,belonging to the very distant past,The archaeologist discovered ancient ruins.,adjective,Latin
anticipate,5,hard,to expect or prepare for something in advance,She tried to anticipate every question on the test.,verb,Latin
apparent,4,hard,clearly visible or obvious,It was apparent that the team needed more practice.,adjective,Latin
appreciate,4,hard,to recognize the worth of something,She began to appreciate classical music.,verb,Latin
apprentice,5,hard,a person learning a trade from a skilled worker,The young apprentice worked in the bakery each morning.,noun,French
appropriate,4,hard,suitable for the situation,She chose appropriate clothing for the winter hike.,adjective,Latin
architect,4,hard,a person who designs buildings,The architect designed a beautiful library.,noun,Greek
argument,4,hard,a disagreement or a set of reasons for something,Their argument was settled before dinner.,noun,Latin
atmosphere,4,hard,the layer of gases surrounding a planet,The Earth's atmosphere protects us from the sun's radiation.,noun,Greek
authority,4,hard,the power to make decisions or give commands,The principal has authority over the whole school.,noun,Latin
available,4,hard,able to be used or obtained,The book was available at the public library.,adjective,Latin
average,4,hard,a typical or middle amount,Her test score was above the class average.,noun,French
awkward,4,hard,causing difficulty or embarrassment,He felt awkward when everyone stared at him.,adjective,English
balance,4,hard,an even distribution of weight or importance,She struggled to find balance between school and sports.,noun,Latin
bargain,4,hard,something bought for a low price or a deal,The coat at the sale was a real bargain.,noun,French
biography,5,hard,the story of a person's life written by someone else,She read a biography of Abraham Lincoln.,noun,Greek
boundary,4,hard,a line marking the edge of an area,The fence marked the boundary of the property.,noun,French
brilliant,4,hard,very clever or very bright,She gave a brilliant answer that surprised the judges.,adjective,French
calendar,4,hard,a chart showing the days and months of the year,She checked the calendar to find the test date.,noun,Latin
candidate,5,hard,a person who applies for a job or position,She was the strongest candidate for student council.,noun,Latin
capture,4,hard,to catch and hold something,He tried to capture the perfect photo of the sunset.,verb,Latin
carnivore,4,hard,an animal that eats only meat,The lion is a well-known carnivore.,noun,Latin
catastrophe,5,hard,a sudden event causing great damage or suffering,The flood was a catastrophe for the small town.,noun,Greek
category,4,hard,a group of things with shared features,The science fair had a category for plant experiments.,noun,Greek
celebrate,4,hard,to mark a special occasion with festivities,They would celebrate her birthday with a picnic.,verb,Latin
century,4,hard,a period of one hundred years,The school was built over a century ago.,noun,Latin
certificate,4,hard,an official document proving something is true,She received a certificate for perfect attendance.,noun,Latin
champion,4,hard,the winner of a competition,The spelling champion practiced every single day.,noun,French
character,4,hard,the mental and moral qualities of a person or a figure in a story,The main character in the novel was brave and kind.,noun,Greek
circumstance,5,hard,a fact or condition connected with an event,The unusual circumstance made the decision difficult.,noun,Latin
civilization,5,hard,an advanced human society with culture and laws,The students studied ancient Egyptian civilization.,noun,Latin
collaborate,5,hard,to work jointly with others,The two classes agreed to collaborate on the project.,verb,Latin
comfortable,4,hard,giving physical ease,She sank into the comfortable chair with her book.,adjective,Latin
commemorate,5,hard,to honor the memory of someone or something,The ceremony would commemorate the school's founding.,verb,Latin
communicate,4,hard,to share information with others,It is important to communicate clearly in writing.,verb,Latin
companion,4,hard,a person or animal you spend time with,Her dog was her loyal companion on every hike.,noun,Latin
compassion,4,hard,concern for the suffering of others,She showed compassion by helping the injured bird.,noun,Latin
competition,4,hard,an event where people try to win,The spelling competition attracted students from ten schools.,noun,Latin
comprehend,5,hard,to understand something fully,He struggled to comprehend the complicated instructions.,verb,Latin
concentrate,4,hard,to focus your thoughts on something,She needed to concentrate during the final round.,verb,Latin
confident,4,hard,feeling certain about your ability,She felt confident as she stepped up to the microphone.,adjective,Latin
consequence,4,hard,a result that follows from an action,Every choice has a consequence.,noun,Latin
conversation,4,hard,an informal talk between people,They had a long conversation about the book.,noun,Latin
convince,4,hard,to persuade someone to believe something,He tried to convince her to join the team.,verb,Latin
cooperate,4,hard,to work together toward a shared goal,The students cooperate on group projects.,verb,Latin
courageous,4,hard,having or showing bravery,The courageous girl spoke first.,adjective,French
creative,4,hard,using imagination to make new things,She had a creative solution to the problem.,adjective,Latin
creature,4,hard,a living being,The strange creature hid in the shadows of the forest.,noun,Latin
curious,4,hard,eager to know or learn something,She was curious about how the clock worked inside.,adjective,Latin
decision,4,hard,a choice made after thinking,He took his time before making a decision.,noun,Latin
declare,4,hard,to say something firmly or officially,She stood up to declare her answer with confidence.,verb,Latin
dedicated,4,hard,devoted to a task or purpose,He was a dedicated student who never missed practice.,adjective,Latin
definition,4,hard,the meaning of a word,She asked the judge for the definition of the word.,noun,Latin
democracy,5,hard,a system of government where citizens vote,They studied how democracy works in the United States.,noun,Greek
demonstrate,4,hard,to show or prove something clearly,She used a diagram to demonstrate her point.,verb,Latin
description,4,hard,a spoken or written account of something,Her description of the sunset was vivid and detailed.,noun,Latin
destination,4,hard,the place you are going to,Their final destination was the capital city.,noun,Latin
determination,5,hard,firmness of purpose in the face of difficulty,Her determination carried her through the hardest rounds.,noun,Latin
difference,4,hard,the way in which things are not the same,She noticed the difference in their approaches right away.,noun,Latin
diligent,4,hard,working carefully and persistently,A diligent speller reviews words every day.,adjective,Latin
discover,4,hard,to find something for the first time,Scientists hope to discover new medicines from plants.,verb,Latin
distinguish,5,hard,to recognize or treat differently,She could distinguish between the two very similar words.,verb,Latin
documentary,5,hard,a film presenting facts about a real subject,The class watched a documentary about ocean life.,noun,Latin
dominant,4,hard,most important or having the most control,The dominant team won every match in the tournament.,adjective,Latin
dramatic,4,hard,sudden and striking,There was a dramatic pause before the winner was announced.,adjective,Greek
elaborate,5,hard,very detailed and carefully planned,She gave an elaborate answer to every question.,adjective,Latin
eloquent,5,hard,able to speak or write clearly and persuasively,The student gave an eloquent speech at graduation.,adjective,Latin
embarrass,4,hard,to make someone feel awkward or ashamed,She did not want to embarrass herself on stage.,verb,French
emotional,4,hard,relating to feelings,The last chapter of the book was deeply emotional.,adjective,Greek
encourage,4,hard,to give support and confidence to someone,Her teacher would encourage her after every mistake.,verb,French
enormous,4,hard,very large in size,The enormous trophy sat in the center of the display case.,adjective,Latin
environment,4,hard,the natural world around us,Protecting the environment is everyone's responsibility.,noun,French
essential,4,hard,absolutely necessary,Practice is essential if you want to win the spelling bee.,adjective,Latin
evaluate,4,hard,to judge or assess the quality of something,She would evaluate each answer before writing it down.,verb,Latin
evidence,4,hard,facts that prove something is true,The evidence supported her conclusion.,noun,Latin
excellent,4,hard,extremely good,She received excellent marks for her spelling work.,adjective,Latin
expedition,5,hard,a journey made for a specific purpose,The scientist led an expedition into the rainforest.,noun,Latin
experience,4,hard,practical knowledge gained from doing something,Her experience on stage helped calm her nerves.,noun,Latin
experiment,4,hard,a test done to discover or prove something,She designed an experiment to test her hypothesis.,noun,Latin
explanation,4,hard,a statement that makes something clear,The judge gave an explanation of the scoring rules.,noun,Latin
extraordinary,5,hard,very unusual or remarkable,Her extraordinary memory impressed every judge.,adjective,Latin
familiar,4,hard,well known from experience or contact,The word sounded familiar but she could not recall the spelling.,adjective,Latin
fascinating,4,hard,very interesting,She found the history of words absolutely fascinating.,adjective,Latin
favorable,4,hard,showing approval or giving an advantage,The conditions were favorable for the outdoor event.,adjective,Latin
ferocious,4,hard,very fierce or violent,The ferocious storm knocked out power across the town.,adjective,Latin
flourish,4,hard,to grow or develop in a healthy way,The garden began to flourish after the spring rains.,verb,French
fortunate,4,hard,favored by luck,She felt fortunate to have such a supportive family.,adjective,Latin
foundation,4,hard,the base on which something is built,Reading is the foundation of all other learning.,noun,Latin
fragrant,4,hard,having a pleasant smell,The fragrant roses filled the entire room.,adjective,Latin
freedom,4,hard,the right to act without restriction,Freedom to learn is a gift worth protecting.,noun,English
generous,4,hard,willing to give more than is expected,He was generous with both his time and encouragement.,adjective,Latin
geography,4,hard,the study of the Earth's surface and features,She loved geography and could name every country.,noun,Greek
glorious,4,hard,having great beauty or bringing great praise,The glorious sunset painted the sky orange and pink.,adjective,Latin
grammar,4,hard,the rules that govern the use of language,Good grammar is essential in written communication.,noun,Greek
grateful,4,hard,feeling thankful,She was grateful for her teacher's patience.,adjective,Latin
guarantee,4,hard,a firm promise that something will happen,The store offered a guarantee of quality.,noun,French
guidance,4,hard,advice or direction given to help,She asked her teacher for guidance on the assignment.,noun,English
heritage,4,hard,traditions and history passed down through generations,She was proud of her cultural heritage.,noun,French
hesitate,4,hard,to pause before doing something because of uncertainty,She did not hesitate before spelling the word aloud.,verb,Latin
hilarious,4,hard,extremely funny,The comedian's story was absolutely hilarious.,adjective,Greek
horizon,4,hard,the line where the sky meets the earth,The sun dipped below the horizon at dusk.,noun,Greek
humorous,4,hard,causing laughter or amusement,She read the humorous story aloud to her class.,adjective,Latin
identify,4,hard,to recognize who or what someone or something is,She could identify every bird by its song.,verb,Latin
illustrate,4,hard,to explain something using pictures or examples,He used drawings to illustrate his idea.,verb,Latin
imaginary,4,hard,existing only in the imagination,The child had an imaginary friend named Pip.,adjective,Latin
immigrant,4,hard,a person who moves to live in a new country,Her grandmother was an immigrant from Ireland.,noun,Latin
independent,4,hard,free from outside control,She was independent and enjoyed working alone.,adjective,Latin
influence,4,hard,the power to affect people or events,A great teacher can have a positive influence for life.,noun,Latin
ingredient,4,hard,any of the things used to make a food or mixture,She checked each ingredient before starting the recipe.,noun,Latin
inhabitant,5,hard,a person or animal living in a place,The original inhabitants of the region built homes near the river.,noun,Latin
innocent,4,hard,not guilty of a crime or wrongdoing,The innocent child had no idea what had happened.,adjective,Latin
investigate,4,hard,to look carefully into something,She decided to investigate the source of the strange sound.,verb,Latin
language,4,hard,the system of words used by a people,She studied the language of her ancestors.,noun,Latin
literature,5,hard,written works valued for their quality and content,She developed a love for literature in fourth grade.,noun,Latin
magnificent,4,hard,impressively beautiful and grand,The view from the mountain top was magnificent.,adjective,Latin
majority,4,hard,more than half of a group,The majority of students voted for the longer recess.,noun,Latin
manufacture,5,hard,to make goods on a large scale,The factory would manufacture toys for the season.,verb,Latin
mathematics,4,hard,the study of numbers shapes and patterns,She excelled at mathematics from a very early age.,noun,Greek
memorable,4,hard,worth remembering,The spelling bee was a memorable experience for all.,adjective,Latin
meteorite,5,hard,a piece of rock from space that reaches the Earth,The meteorite landed in a field outside the town.,noun,Greek
mischievous,4,hard,causing minor trouble in a playful way,The mischievous puppy chewed through two pairs of shoes.,adjective,English
mysterious,4,hard,difficult to explain or understand,A mysterious package arrived at the school's front door.,adjective,Greek
narrative,4,hard,a spoken or written account of events,She wrote a personal narrative about her first spelling bee.,noun,Latin
necessary,4,hard,needed in order to achieve something,Daily practice is necessary for any skilled speller.,adjective,Latin
neighbor,4,hard,a person who lives nearby,Her neighbor always cheered for her at the competitions.,noun,English
obstacle,4,hard,something that blocks the way forward,She refused to let any obstacle stop her from competing.,noun,Latin
opinion,4,hard,a personal view or judgment,She shared her opinion during the classroom debate.,noun,Latin
opportunity,4,hard,a good time to do something,She did not want to miss the opportunity to compete.,noun,Latin
orchestra,4,hard,a group of musicians playing together,The school orchestra performed at the spring concert.,noun,Greek
organize,4,hard,to arrange things in an orderly way,She helped organize the spelling bee study sessions.,verb,Greek
original,4,hard,not copied and new,Her story was completely original.,adjective,Latin
ornament,4,hard,a decorative object,She carefully hung each ornament on the tree.,noun,Latin
outstanding,4,hard,extremely good or excellent,She received an outstanding score in every round.,adjective,English
particular,4,hard,specific and distinct from others,She had a particular way of visualizing each word.,adjective,Latin
passionate,4,hard,having or showing strong feelings,She was passionate about learning new words.,adjective,French
patience,4,hard,the ability to wait without becoming upset,She showed great patience during the long competition.,noun,Latin
peculiar,4,hard,strange or unusual,There was something peculiar about the empty corridor.,adjective,Latin
permanent,4,hard,lasting or remaining unchanged,She wanted to make a permanent record of her progress.,adjective,Latin
perseverance,5,hard,continued effort despite difficulty,Her perseverance through every hard round was inspiring.,noun,Latin
phenomenon,5,hard,a fact or event that can be observed,A solar eclipse is a remarkable natural phenomenon.,noun,Greek
physician,5,hard,a medical doctor,The physician advised her to rest after the competition.,noun,Greek
portrait,4,hard,a painting or photograph of a person,The artist painted a portrait of the school's founder.,noun,French
possession,4,hard,something owned by a person,Her most prized possession was a dictionary from her grandfather.,noun,Latin
practice,4,hard,repeated exercise to improve a skill,Daily practice made her the strongest speller in the school.,noun,Latin
precious,4,hard,of great value or beloved,Time is the most precious thing we have.,adjective,Latin
precise,4,hard,exact and accurate,She was precise in every spelling she gave.,adjective,Latin
predict,4,hard,to say what will happen before it does,She could predict which words would appear in the final round.,verb,Latin
prepare,4,hard,to make ready for something,She stayed up late to prepare for the big day.,verb,Latin
preserve,4,hard,to keep something in its original state,They worked to preserve the old tradition.,verb,Latin
privilege,4,hard,a special right or advantage,Competing in the finals was a true privilege.,noun,Latin
professor,4,hard,a teacher at a university,The professor visited the school to judge the competition.,noun,Latin
progress,4,hard,movement toward a goal,She made remarkable progress in only three weeks.,noun,Latin
pronounce,4,hard,to make the sounds of a word correctly,She asked the judge to pronounce the word a second time.,verb,Latin
proportion,4,hard,the correct relationship between parts,The proportion of practice to rest matters for learning.,noun,Latin
protection,4,hard,keeping something safe from harm,She wore gloves for protection during the science lab.,noun,Latin
punctuation,5,hard,marks used in writing to separate sentences and phrases,Correct punctuation changes the meaning of a sentence.,noun,Latin
recognize,4,hard,to know again from previous experience,She was able to recognize the word from her study list.,verb,Latin
recommend,4,hard,to suggest something as being good,She would recommend the spelling workbook to everyone.,verb,Latin
recover,4,hard,to return to a normal condition,She needed time to recover after the intense competition.,verb,Latin
reflect,4,hard,to think carefully about something past,She took time to reflect on the words she had missed.,verb,Latin
reluctant,4,hard,unwilling to do something,She was reluctant to go first but stepped forward bravely.,adjective,Latin
represent,4,hard,to act or speak on behalf of someone,She was chosen to represent her school at the regional bee.,verb,Latin
residence,4,hard,the place where someone lives,His residence was just two blocks from the school.,noun,Latin
resolve,4,hard,to find a solution or to decide firmly,She made a resolve to memorize fifty words a day.,verb,Latin
responsible,4,hard,being the cause of something or being trusted,She was responsible for organizing the study group.,adjective,Latin
restaurant,4,hard,a place where people pay to eat meals,They went to a restaurant to celebrate after the win.,noun,French
ridiculous,4,hard,absurd or wildly unreasonable,The excuse he gave was absolutely ridiculous.,adjective,Latin
sacrifice,4,hard,giving up something valued for a greater good,She made a sacrifice by studying instead of watching TV.,noun,Latin
schedule,4,hard,a plan showing when things will happen,She followed a strict study schedule each week.,noun,Greek
scholarship,5,hard,a grant of money to support a student's education,She earned a scholarship to attend the summer program.,noun,English
scientist,4,hard,a person who studies science,The scientist explained how the water cycle works.,noun,Latin
secretary,4,hard,a person who handles records and correspondence,She was elected secretary of the student council.,noun,Latin
separate,4,hard,to move apart or divide,She had to separate the words into categories.,verb,Latin
sequence,4,hard,a particular order in which things follow each other,She arranged the events in the correct sequence.,noun,Latin
significant,4,hard,important or meaningful,She made a significant improvement in the final round.,adjective,Latin
similar,4,hard,having qualities in common with something else,The two words looked similar but were spelled differently.,adjective,Latin
sincerely,4,hard,in a genuine or heartfelt way,She thanked her coach sincerely after the competition.,adverb,Latin
solution,4,hard,a means of solving a problem,She found a clever solution to the difficult puzzle.,noun,Latin
species,4,hard,a group of living things that share features,A new species of butterfly was discovered in the forest.,noun,Latin
spectacular,5,hard,very impressive or dramatic,Her final spelling was met with a spectacular round of applause.,adjective,Latin
strengthen,4,hard,to make stronger,She practiced daily to strengthen her memory of tricky words.,verb,English
stubborn,4,hard,refusing to change your mind,She was stubborn about learning every word on the list.,adjective,English
substantial,5,hard,of great importance or large in size,She made a substantial improvement over the school year.,adjective,Latin
sufficient,4,hard,enough for the purpose,She had sufficient time to double-check her spelling.,adjective,Latin
suggestion,4,hard,an idea offered for consideration,His suggestion helped her study more effectively.,noun,Latin
surrounding,4,hard,being all around something,The surrounding fields were covered with wildflowers.,adjective,English
suspicious,4,hard,having a feeling that something is wrong,She was suspicious about the change in the word list.,adjective,Latin
syllable,4,hard,a unit of pronunciation forming a word,She tapped out each syllable before spelling the word.,noun,Greek
sympathy,4,hard,understanding and sharing the feelings of another,She showed sympathy when her classmate lost the round.,noun,Greek
talented,4,hard,having a natural ability for something,She was a talented and disciplined speller.,adjective,English
technical,4,hard,relating to a particular subject or skill,The technical terms were the hardest part of the competition.,adjective,Greek
temperature,4,hard,the measure of how hot or cold something is,The temperature dropped sharply overnight.,noun,Latin
temporary,4,hard,lasting only for a limited time,The setback was only temporary.,adjective,Latin
thorough,4,hard,done with great care and attention to detail,Her thorough preparation paid off in the final round.,adjective,English
tolerance,4,hard,the ability to accept differences,Tolerance and respect are important values.,noun,Latin
tradition,4,hard,a custom passed down through generations,It was a family tradition to compete in the spelling bee.,noun,Latin
tremendous,4,hard,very great in size or amount,She put in a tremendous amount of effort that year.,adjective,Latin
triumph,4,hard,a great victory or success,Her triumph at the regional bee made the whole school proud.,noun,French
ultimate,4,hard,final or most extreme,Her ultimate goal was to reach the national competition.,adjective,Latin
unbelievable,4,hard,so great that it is hard to believe,Her score was absolutely unbelievable.,adjective,English
unanimous,5,hard,all in complete agreement,The judges were unanimous in selecting her as the winner.,adjective,Latin
unfamiliar,4,hard,not known or not recognized,Some words on the final list were completely unfamiliar.,adjective,English
universe,4,hard,all of space and everything in it,She dreamed of studying the universe one day.,noun,Latin
valuable,4,hard,worth a great deal,She kept a valuable list of commonly misspelled words.,adjective,Latin
variety,4,hard,a range of different things,The competition featured a variety of challenging words.,noun,Latin
vegetarian,5,hard,a person who does not eat meat,She became a vegetarian after learning about animal habitats.,noun,Latin
vibrant,4,hard,full of energy and life,The vibrant colors of the mural caught everyone's eye.,adjective,Latin
victory,4,hard,success in a contest,Her victory at the regional level was well deserved.,noun,Latin
visible,4,hard,able to be seen,Her joy was clearly visible when she spelled the final word.,adjective,Latin
volunteer,4,hard,a person who does something without being paid,She was a volunteer judge at the younger students' bee.,noun,French
wanderer,4,hard,a person who travels without a fixed destination,The adventurous wanderer explored a new trail each weekend.,noun,English
wonderful,4,hard,inspiring delight or admiration,It was a wonderful feeling to hear her name called as winner.,adjective,English